"reference_id","source","source_section","source_page","proposed_category","product_name_verbatim","variant","size","dimension","material","additional_specification","customisation_availability","current_availability","manufacturing_status","verification_status","notes"
"REF-001","Written user brief","Paper Courier Bags","CONTENT REQUIRED","Paper Courier Bags","Plain Paper Courier Bag","CONTENT REQUIRED","CONTENT REQUIRED","CONTENT REQUIRED","CONTENT REQUIRED","CONTENT REQUIRED","Requires owner confirmation","Unknown","Unknown","Unverified","PDF page and product/family/variant mapping pending; no public publication"
"REF-002","Written user brief","Paper Courier Bags","CONTENT REQUIRED","Paper Courier Bags","Myntra Paper Courier Bag","CONTENT REQUIRED","CONTENT REQUIRED","CONTENT REQUIRED","CONTENT REQUIRED","CONTENT REQUIRED","Requires owner confirmation","Unknown","Unknown","Unverified","PDF page and product/family/variant mapping pending; no public publication"
"REF-003","Written user brief","Paper Courier Bags","CONTENT REQUIRED","Paper Courier Bags","Flipkart Paper Courier Bag","CONTENT REQUIRED","CONTENT REQUIRED","CONTENT REQUIRED","CONTENT REQUIRED","CONTENT REQUIRED","Requires owner confirmation","Unknown","Unknown","Unverified","PDF page and product/family/variant mapping pending; no public publication"
"REF-004","Written user brief","Paper Courier Bags","CONTENT REQUIRED","Paper Courier Bags","Amazon Paper Courier Bag","CONTENT REQUIRED","CONTENT REQUIRED","CONTENT REQUIRED","CONTENT REQUIRED","CONTENT REQUIRED","Requires owner confirmation","Unknown","Unknown","Unverified","PDF page and product/family/variant mapping pending; no public publication"
"REF-005","Written user brief","Paper Courier Bags","CONTENT REQUIRED","Paper Courier Bags","Customised Paper Courier Bag","CONTENT REQUIRED","CONTENT REQUIRED","CONTENT REQUIRED","CONTENT REQUIRED","CONTENT REQUIRED","Requires owner confirmation","Unknown","Unknown","Unverified","PDF page and product/family/variant mapping pending; no public publication"
"REF-006","Written user brief","Corrugated Boxes","CONTENT REQUIRED","Corrugated Boxes","Plain Corrugated Boxes","CONTENT REQUIRED","CONTENT REQUIRED","CONTENT REQUIRED","CONTENT REQUIRED","CONTENT REQUIRED","Requires owner confirmation","Unknown","Unknown","Unverified","PDF page and product/family/variant mapping pending; no public publication"
"REF-007","Written user brief","Corrugated Boxes","CONTENT REQUIRED","Corrugated Boxes","Flipkart Corrugated Boxes","CONTENT REQUIRED","CONTENT REQUIRED","CONTENT REQUIRED","CONTENT REQUIRED","CONTENT REQUIRED","Requires owner confirmation","Unknown","Unknown","Unverified","PDF page and product/family/variant mapping pending; no public publication"
"REF-008","Written user brief","Corrugated Boxes","CONTENT REQUIRED","Corrugated Boxes","Amazon Corrugated Boxes","CONTENT REQUIRED","CONTENT REQUIRED","CONTENT REQUIRED","CONTENT REQUIRED","CONTENT REQUIRED","Requires owner confirmation","Unknown","Unknown","Unverified","PDF page and product/family/variant mapping pending; no public publication"
"REF-009","Written user brief","Corrugated Boxes","CONTENT REQUIRED","Corrugated Boxes","Customised Corrugated Boxes","CONTENT REQUIRED","CONTENT REQUIRED","CONTENT REQUIRED","CONTENT REQUIRED","CONTENT REQUIRED","Requires owner confirmation","Unknown","Unknown","Unverified","PDF page and product/family/variant mapping pending; no public publication"
"REF-010","Written user brief","Plastic Courier Bags","CONTENT REQUIRED","Plastic Courier Bags","Plain Plastic Courier Bag","CONTENT REQUIRED","CONTENT REQUIRED","CONTENT REQUIRED","CONTENT REQUIRED","CONTENT REQUIRED","Requires owner confirmation","Unknown","Unknown","Unverified","PDF page and product/family/variant mapping pending; no public publication"
"REF-011","Written user brief","Plastic Courier Bags","CONTENT REQUIRED","Plastic Courier Bags","Flipkart Plastic Courier Bag","CONTENT REQUIRED","CONTENT REQUIRED","CONTENT REQUIRED","CONTENT REQUIRED","CONTENT REQUIRED","Requires owner confirmation","Unknown","Unknown","Unverified","PDF page and product/family/variant mapping pending; no public publication"
"REF-012","Written user brief","Plastic Courier Bags","CONTENT REQUIRED","Plastic Courier Bags","Amazon Plastic Courier Bag","CONTENT REQUIRED","CONTENT REQUIRED","CONTENT REQUIRED","CONTENT REQUIRED","CONTENT REQUIRED","Requires owner confirmation","Unknown","Unknown","Unverified","PDF page and product/family/variant mapping pending; no public publication"
"REF-013","Written user brief","Plastic Courier Bags","CONTENT REQUIRED","Plastic Courier Bags","Snapdeal Plastic Courier Bag","CONTENT REQUIRED","CONTENT REQUIRED","CONTENT REQUIRED","CONTENT REQUIRED","CONTENT REQUIRED","Requires owner confirmation","Unknown","Unknown","Unverified","PDF page and product/family/variant mapping pending; no public publication"
"REF-014","Written user brief","Plastic Courier Bags","CONTENT REQUIRED","Plastic Courier Bags","Meesho Plastic Courier Bag","CONTENT REQUIRED","CONTENT REQUIRED","CONTENT REQUIRED","CONTENT REQUIRED","CONTENT REQUIRED","Requires owner confirmation","Unknown","Unknown","Unverified","PDF page and product/family/variant mapping pending; no public publication"
"REF-015","Written user brief","Plastic Courier Bags","CONTENT REQUIRED","Plastic Courier Bags","Customised Plastic Courier Bag","CONTENT REQUIRED","CONTENT REQUIRED","CONTENT REQUIRED","CONTENT REQUIRED","CONTENT REQUIRED","Requires owner confirmation","Unknown","Unknown","Unverified","PDF page and product/family/variant mapping pending; no public publication"
"REF-016","Written user brief","Sticker Labels","CONTENT REQUIRED","Sticker Labels","Direct Thermal Labels","CONTENT REQUIRED","CONTENT REQUIRED","CONTENT REQUIRED","CONTENT REQUIRED","CONTENT REQUIRED","Requires owner confirmation","Unknown","Unknown","Unverified","PDF page and product/family/variant mapping pending; no public publication"
"REF-017","Written user brief","Sticker Labels","CONTENT REQUIRED","Sticker Labels","A4 ST1","CONTENT REQUIRED","CONTENT REQUIRED","CONTENT REQUIRED","CONTENT REQUIRED","CONTENT REQUIRED","Requires owner confirmation","Unknown","Unknown","Unverified","PDF page and product/family/variant mapping pending; no public publication"
"REF-018","Written user brief","Sticker Labels","CONTENT REQUIRED","Sticker Labels","A4 ST2","CONTENT REQUIRED","CONTENT REQUIRED","CONTENT REQUIRED","CONTENT REQUIRED","CONTENT REQUIRED","Requires owner confirmation","Unknown","Unknown","Unverified","PDF page and product/family/variant mapping pending; no public publication"
"REF-019","Written user brief","Sticker Labels","CONTENT REQUIRED","Sticker Labels","A4 ST4","CONTENT REQUIRED","CONTENT REQUIRED","CONTENT REQUIRED","CONTENT REQUIRED","CONTENT REQUIRED","Requires owner confirmation","Unknown","Unknown","Unverified","PDF page and product/family/variant mapping pending; no public publication"
"REF-020","Written user brief","Sticker Labels","CONTENT REQUIRED","Sticker Labels","A4 ST40","CONTENT REQUIRED","CONTENT REQUIRED","CONTENT REQUIRED","CONTENT REQUIRED","CONTENT REQUIRED","Requires owner confirmation","Unknown","Unknown","Unverified","PDF page and product/family/variant mapping pending; no public publication"
"REF-021","Written user brief","Billing","CONTENT REQUIRED","Stationery Products","POS Thermal Billing Roll","CONTENT REQUIRED","CONTENT REQUIRED","CONTENT REQUIRED","CONTENT REQUIRED","CONTENT REQUIRED","Requires owner confirmation","Unknown","Unknown","Unverified","PDF page and product/family/variant mapping pending; no public publication"
"REF-022","Written user brief","Tapes","CONTENT REQUIRED","Tapes","Transparent Tape","CONTENT REQUIRED","CONTENT REQUIRED","CONTENT REQUIRED","CONTENT REQUIRED","CONTENT REQUIRED","Requires owner confirmation","Unknown","Unknown","Unverified","PDF page and product/family/variant mapping pending; no public publication"
"REF-023","Written user brief","Tapes","CONTENT REQUIRED","Tapes","Brown BOPP Tape","CONTENT REQUIRED","CONTENT REQUIRED","CONTENT REQUIRED","CONTENT REQUIRED","CONTENT REQUIRED","Requires owner confirmation","Unknown","Unknown","Unverified","PDF page and product/family/variant mapping pending; no public publication"
"REF-024","Written user brief","Tapes","CONTENT REQUIRED","Tapes","Handle With Care Tape","CONTENT REQUIRED","CONTENT REQUIRED","CONTENT REQUIRED","CONTENT REQUIRED","CONTENT REQUIRED","Requires owner confirmation","Unknown","Unknown","Unverified","PDF page and product/family/variant mapping pending; no public publication"
"REF-025","Written user brief","Tapes","CONTENT REQUIRED","Tapes","Customised Tape","CONTENT REQUIRED","CONTENT REQUIRED","CONTENT REQUIRED","CONTENT REQUIRED","CONTENT REQUIRED","Requires owner confirmation","Unknown","Unknown","Unverified","PDF page and product/family/variant mapping pending; no public publication"
"REF-026","Written user brief","Tapes","CONTENT REQUIRED","Tapes","Flipkart Tape","CONTENT REQUIRED","CONTENT REQUIRED","CONTENT REQUIRED","CONTENT REQUIRED","CONTENT REQUIRED","Requires owner confirmation","Unknown","Unknown","Unverified","PDF page and product/family/variant mapping pending; no public publication"
"REF-027","Written user brief","Tapes","CONTENT REQUIRED","Tapes","Flipkart Plus Tape","CONTENT REQUIRED","CONTENT REQUIRED","CONTENT REQUIRED","CONTENT REQUIRED","CONTENT REQUIRED","Requires owner confirmation","Unknown","Unknown","Unverified","PDF page and product/family/variant mapping pending; no public publication"
"REF-028","Written user brief","Tapes","CONTENT REQUIRED","Tapes","Flipkart Handle With Care","CONTENT REQUIRED","CONTENT REQUIRED","CONTENT REQUIRED","CONTENT REQUIRED","CONTENT REQUIRED","Requires owner confirmation","Unknown","Unknown","Unverified","PDF page and product/family/variant mapping pending; no public publication"
"REF-029","Written user brief","Tapes","CONTENT REQUIRED","Tapes","Amazon.in Tape","CONTENT REQUIRED","CONTENT REQUIRED","CONTENT REQUIRED","CONTENT REQUIRED","CONTENT REQUIRED","Requires owner confirmation","Unknown","Unknown","Unverified","PDF page and product/family/variant mapping pending; no public publication"
"REF-030","Written user brief","Tapes","CONTENT REQUIRED","Tapes","Amazon Prime Tape","CONTENT REQUIRED","CONTENT REQUIRED","CONTENT REQUIRED","CONTENT REQUIRED","CONTENT REQUIRED","Requires owner confirmation","Unknown","Unknown","Unverified","PDF page and product/family/variant mapping pending; no public publication"
"REF-031","Written user brief","Tapes","CONTENT REQUIRED","Tapes","Snapdeal Tape","CONTENT REQUIRED","CONTENT REQUIRED","CONTENT REQUIRED","CONTENT REQUIRED","CONTENT REQUIRED","Requires owner confirmation","Unknown","Unknown","Unverified","PDF page and product/family/variant mapping pending; no public publication"
"REF-032","Written user brief","Tapes","CONTENT REQUIRED","Tapes","Myntra Tape","CONTENT REQUIRED","CONTENT REQUIRED","CONTENT REQUIRED","CONTENT REQUIRED","CONTENT REQUIRED","Requires owner confirmation","Unknown","Unknown","Unverified","PDF page and product/family/variant mapping pending; no public publication"
"REF-033","Written user brief","Tapes","CONTENT REQUIRED","Tapes","Paytm Tape","CONTENT REQUIRED","CONTENT REQUIRED","CONTENT REQUIRED","CONTENT REQUIRED","CONTENT REQUIRED","Requires owner confirmation","Unknown","Unknown","Unverified","PDF page and product/family/variant mapping pending; no public publication"
"REF-034","Written user brief","Tapes","CONTENT REQUIRED","Tapes","Masking Tape","CONTENT REQUIRED","CONTENT REQUIRED","CONTENT REQUIRED","CONTENT REQUIRED","CONTENT REQUIRED","Requires owner confirmation","Unknown","Unknown","Unverified","PDF page and product/family/variant mapping pending; no public publication"
"REF-035","Written user brief","Tapes","CONTENT REQUIRED","Tapes","Double Side Foam Tape","CONTENT REQUIRED","CONTENT REQUIRED","CONTENT REQUIRED","CONTENT REQUIRED","CONTENT REQUIRED","Requires owner confirmation","Unknown","Unknown","Unverified","PDF page and product/family/variant mapping pending; no public publication"
"REF-036","Written user brief","Protective Packaging","CONTENT REQUIRED","Protective Packaging","Stretch Film Roll","CONTENT REQUIRED","CONTENT REQUIRED","CONTENT REQUIRED","CONTENT REQUIRED","CONTENT REQUIRED","Requires owner confirmation","Unknown","Unknown","Unverified","PDF page and product/family/variant mapping pending; no public publication"
"REF-037","Written user brief","Protective Packaging","CONTENT REQUIRED","Protective Packaging","Bubble Roll","CONTENT REQUIRED","CONTENT REQUIRED","CONTENT REQUIRED","CONTENT REQUIRED","CONTENT REQUIRED","Requires owner confirmation","Unknown","Unknown","Unverified","PDF page and product/family/variant mapping pending; no public publication"
"REF-038","Written user brief","Protective Packaging","CONTENT REQUIRED","Protective Packaging","Honeycomb Wrap","CONTENT REQUIRED","CONTENT REQUIRED","CONTENT REQUIRED","CONTENT REQUIRED","CONTENT REQUIRED","Requires owner confirmation","Unknown","Unknown","Unverified","PDF page and product/family/variant mapping pending; no public publication"
"REF-039","Written user brief","Protective Packaging","CONTENT REQUIRED","Protective Packaging","Corrugated Sheet Roll","CONTENT REQUIRED","CONTENT REQUIRED","CONTENT REQUIRED","CONTENT REQUIRED","CONTENT REQUIRED","Requires owner confirmation","Unknown","Unknown","Unverified","PDF page and product/family/variant mapping pending; no public publication"
"REF-040","Written user brief","BOPP","CONTENT REQUIRED","Carry Bags & Pouches","Transparent BOPP Bags","CONTENT REQUIRED","CONTENT REQUIRED","CONTENT REQUIRED","CONTENT REQUIRED","CONTENT REQUIRED","Requires owner confirmation","Unknown","Unknown","Unverified","Brief says multiple sizes; measurements absent"
"REF-041","Written user brief","Carry Bags","CONTENT REQUIRED","Carry Bags & Pouches","V-Bottom Bags","CONTENT REQUIRED","CONTENT REQUIRED","CONTENT REQUIRED","CONTENT REQUIRED","CONTENT REQUIRED","Requires owner confirmation","Unknown","Unknown","Unverified","PDF page and product/family/variant mapping pending; no public publication"
"REF-042","Written user brief","Carry Bags","CONTENT REQUIRED","Carry Bags & Pouches","Carry Bags","CONTENT REQUIRED","CONTENT REQUIRED","CONTENT REQUIRED","CONTENT REQUIRED","CONTENT REQUIRED","Requires owner confirmation","Unknown","Unknown","Unverified","PDF page and product/family/variant mapping pending; no public publication"
"REF-043","Written user brief","Carry Bags","CONTENT REQUIRED","Carry Bags & Pouches","Square Bottom Bags","CONTENT REQUIRED","CONTENT REQUIRED","CONTENT REQUIRED","CONTENT REQUIRED","CONTENT REQUIRED","Requires owner confirmation","Unknown","Unknown","Unverified","PDF page and product/family/variant mapping pending; no public publication"
"REF-044","Written user brief","Carry Bags","CONTENT REQUIRED","Carry Bags & Pouches","D-Cut Carry Bags","CONTENT REQUIRED","CONTENT REQUIRED","CONTENT REQUIRED","CONTENT REQUIRED","CONTENT REQUIRED","Requires owner confirmation","Unknown","Unknown","Unverified","PDF page and product/family/variant mapping pending; no public publication"
"REF-045","Written user brief","Carry Bags","CONTENT REQUIRED","Carry Bags & Pouches","W-Cut Paper Carry Bags","CONTENT REQUIRED","CONTENT REQUIRED","CONTENT REQUIRED","CONTENT REQUIRED","CONTENT REQUIRED","Requires owner confirmation","Unknown","Unknown","Unverified","PDF page and product/family/variant mapping pending; no public publication"
"REF-046","Written user brief","Additional products","CONTENT REQUIRED","Stationery Products","Office Stationery","CONTENT REQUIRED","CONTENT REQUIRED","CONTENT REQUIRED","CONTENT REQUIRED","CONTENT REQUIRED","Requires owner confirmation","Unknown","Unknown","Unverified","PDF page and product/family/variant mapping pending; no public publication"
"REF-047","Written user brief","Additional products","CONTENT REQUIRED","Stationery Products","Napkin","CONTENT REQUIRED","CONTENT REQUIRED","CONTENT REQUIRED","CONTENT REQUIRED","CONTENT REQUIRED","Requires owner confirmation","Unknown","Unknown","Unverified","PDF page and product/family/variant mapping pending; no public publication"
"REF-048","Written user brief","Additional products","CONTENT REQUIRED","Stationery Products","Custom Printed Napkin","CONTENT REQUIRED","CONTENT REQUIRED","CONTENT REQUIRED","CONTENT REQUIRED","CONTENT REQUIRED","Requires owner confirmation","Unknown","Unknown","Unverified","PDF page and product/family/variant mapping pending; no public publication"
"REF-049","Written user brief","Additional products","CONTENT REQUIRED","Carry Bags & Pouches","Carry Bags","CONTENT REQUIRED","CONTENT REQUIRED","CONTENT REQUIRED","CONTENT REQUIRED","CONTENT REQUIRED","Requires owner confirmation","Unknown","Unknown","Unverified","PDF page and product/family/variant mapping pending; no public publication"
"REF-050","Written user brief","Additional products","CONTENT REQUIRED","Carry Bags & Pouches","Pouches","CONTENT REQUIRED","CONTENT REQUIRED","CONTENT REQUIRED","CONTENT REQUIRED","CONTENT REQUIRED","Requires owner confirmation","Unknown","Unknown","Unverified","PDF page and product/family/variant mapping pending; no public publication"
"REF-051","Written user brief","Additional products","CONTENT REQUIRED","Carry Bags & Pouches","Silver Pouches","CONTENT REQUIRED","CONTENT REQUIRED","CONTENT REQUIRED","CONTENT REQUIRED","CONTENT REQUIRED","Requires owner confirmation","Unknown","Unknown","Unverified","PDF page and product/family/variant mapping pending; no public publication"
"REF-052","Written user brief","Additional products","CONTENT REQUIRED","Corrugated Boxes","Rigid Boxes","CONTENT REQUIRED","CONTENT REQUIRED","CONTENT REQUIRED","CONTENT REQUIRED","CONTENT REQUIRED","Requires owner confirmation","Unknown","Unknown","Unverified","PDF page and product/family/variant mapping pending; no public publication"
"REF-053","Written user brief","Additional products","CONTENT REQUIRED","Protective Packaging","Bubble Wrap","CONTENT REQUIRED","CONTENT REQUIRED","CONTENT REQUIRED","CONTENT REQUIRED","CONTENT REQUIRED","Requires owner confirmation","Unknown","Unknown","Unverified","PDF page and product/family/variant mapping pending; no public publication"
"REF-054","Written user brief","Additional products","CONTENT REQUIRED","Protective Packaging","Stretch Film","CONTENT REQUIRED","CONTENT REQUIRED","CONTENT REQUIRED","CONTENT REQUIRED","CONTENT REQUIRED","Requires owner confirmation","Unknown","Unknown","Unverified","PDF page and product/family/variant mapping pending; no public publication"
"REF-055","Written user brief","Additional products","CONTENT REQUIRED","Protective Packaging","Shrink Wrap","CONTENT REQUIRED","CONTENT REQUIRED","CONTENT REQUIRED","CONTENT REQUIRED","CONTENT REQUIRED","Requires owner confirmation","Unknown","Unknown","Unverified","PDF page and product/family/variant mapping pending; no public publication"
